-- phpMyAdmin SQL Dump
-- version 5.0.2
-- https://www.phpmyadmin.net/
--
-- Host: 127.0.0.1
-- Generation Time: Oct 11, 2020 at 01:19 PM
-- Server version: 10.4.13-MariaDB
-- PHP Version: 7.4.8

SET SQL_MODE = "NO_AUTO_VALUE_ON_ZERO";
START TRANSACTION;
SET time_zone = "+00:00";


/*!40101 SET @OLD_CHARACTER_SET_CLIENT=@@CHARACTER_SET_CLIENT */;
/*!40101 SET @OLD_CHARACTER_SET_RESULTS=@@CHARACTER_SET_RESULTS */;
/*!40101 SET @OLD_COLLATION_CONNECTION=@@COLLATION_CONNECTION */;
/*!40101 SET NAMES utf8mb4 */;

--
-- Database: `smfind`
--

-- --------------------------------------------------------

--
-- Table structure for table `class`
--

CREATE TABLE `class` (
  `class_id` int(5) NOT NULL,
  `class` int(5) NOT NULL,
  `degree_id` int(5) NOT NULL
) ENGINE=InnoDB DEFAULT CHARSET=utf8;

--
-- Dumping data for table `class`
--

INSERT INTO `class` (`class_id`, `class`, `degree_id`) VALUES
(1, 1, 1),
(2, 2, 1),
(3, 3, 1),
(4, 1, 2),
(5, 2, 2);

-- --------------------------------------------------------

--
-- Table structure for table `degree`
--

CREATE TABLE `degree` (
  `degree_id` int(5) NOT NULL,
  `degree` varchar(50) NOT NULL
) ENGINE=InnoDB DEFAULT CHARSET=utf8;

--
-- Dumping data for table `degree`
--

INSERT INTO `degree` (`degree_id`, `degree`) VALUES
(1, 'Lower'),
(2, 'Upper');

-- --------------------------------------------------------

--
-- Table structure for table `member`
--

CREATE TABLE `member` (
  `MemberID` int(10) NOT NULL,
  `MemberCode` int(10) NOT NULL,
  `Firstname` varchar(255) NOT NULL,
  `Lastname` varchar(255) NOT NULL,
  `Dept` varchar(100) DEFAULT NULL,
  `Section` varchar(100) DEFAULT NULL,
  `Class` int(10) DEFAULT NULL,
  `Room` int(10) DEFAULT NULL,
  `Tel` varchar(100) DEFAULT NULL,
  `Email` varchar(100) NOT NULL,
  `Password` varchar(255) NOT NULL,
  `Userlevel` varchar(100) DEFAULT NULL,
  `SpecialStatus` varchar(100) DEFAULT NULL
) ENGINE=InnoDB DEFAULT CHARSET=utf8;

--
-- Dumping data for table `member`
--

INSERT INTO `member` (`MemberID`, `MemberCode`, `Firstname`, `Lastname`, `Dept`, `Section`, `Class`, `Room`, `Tel`, `Email`, `Password`, `Userlevel`, `SpecialStatus`) VALUES
(1, 41728, 'chinnapat', 'limprathan', 'IT', 'upper', 2, 8, '0823655897', 'Chinnapat.lim@sbac.ac.th', '2ea0f266abede61790a64a63c1ce3074', 'student', ''),
(2, 38140, 'yannawut', 'tiblab', 'IT', 'upper', 2, 8, '0946578662', 'yannawut.tib@sbac.ac.th', 'df08d0e92004fdd5256cf98fba67593e', 'teacher', ''),
(3, 37908, 'siriwat', 'gunha', 'IT', 'upper', 2, 8, '0876765135', 'siriwat.gun@sbac.ac.th', 'a7c6e1f8363e4ebaa6a832ce39f86fd8', 'student', 'treasurer'),
(4, 40319, 'nattapon', 'akaratadarath', 'IT', 'upper', 2, 8, '0846573847', 'nattapon.aka@sbac.ac.th', '569026f15ebbf6f0f32ff9b3bc2bf1d7', 'student', 'sub-headroom'),
(5, 37963, 'theratat', 'taweetong', 'IT', 'upper', 2, 8, '0957463829', 'theratat.taw@sbac.ac.th', '9d723cc660f8568f349a646cd7a7c97f', 'student', 'headroom'),
(7, 1, 'bank', 'teller', 'none', 'none', 0, 0, '01234567890', 'teller@sbac.ac.th', '40f5888b67c748df7efba008e7c2f9d2', 'teller', ''),
(8, 2, 'bank', 'account', 'none', 'none', 0, 0, '01234567890', 'bank.account@sbac.ac.th', '4a9bd19b3b8676199592a346051f950c', 'bank-account', '');

-- --------------------------------------------------------

--
-- Table structure for table `member_account`
--

CREATE TABLE `member_account` (
  `AccountID` int(10) NOT NULL,
  `Account_number` varchar(50) DEFAULT NULL,
  `Bankbook` varchar(50) DEFAULT NULL,
  `Account_balance` float DEFAULT NULL,
  `MemberID` int(10) DEFAULT NULL
) ENGINE=InnoDB DEFAULT CHARSET=utf8;

--
-- Dumping data for table `member_account`
--

INSERT INTO `member_account` (`AccountID`, `Account_number`, `Bankbook`, `Account_balance`, `MemberID`) VALUES
(3, '0113302953464', '00023245', 280.3, 1),
(4, '21321321321321', '000232454', 150, 3),
(5, '003764893765', '0005474', 750, 2),
(7, '0034863748561', '00053246', 120, 5),
(8, '000012323244', '321312', 100.3, 4);

-- --------------------------------------------------------

--
-- Table structure for table `member_log`
--

CREATE TABLE `member_log` (
  `LogID` int(10) NOT NULL,
  `IP` varchar(100) NOT NULL,
  `Event` text NOT NULL,
  `Date` date NOT NULL,
  `Time` time NOT NULL,
  `MemberID` int(10) NOT NULL
) ENGINE=InnoDB DEFAULT CHARSET=utf8;

--
-- Dumping data for table `member_log`
--

INSERT INTO `member_log` (`LogID`, `IP`, `Event`, `Date`, `Time`, `MemberID`) VALUES
(1, '::1', 'รหัส 41728 chinnapat has login successful !', '2020-07-27', '08:25:50', 1),
(2, '::1', 'รหัส 41728 chinnapat limprathan has logout successful !', '2020-07-29', '01:26:07', 1),
(3, '::1', 'รหัส 41728 chinnapat has login successful !', '2020-07-29', '01:26:28', 1),
(4, '::1', 'รหัส 41728 chinnapat limprathan has logout successful !', '2020-07-29', '01:27:42', 1),
(5, '::1', 'รหัส 41728 chinnapat has login successful !', '2020-07-29', '01:30:29', 1),
(6, '::1', 'รหัส 41728 chinnapat limprathan has logout successful !', '2020-07-29', '01:30:35', 1),
(7, '::1', 'รหัส 31729 yannawut has login successful !', '2020-07-29', '01:32:53', 2),
(8, '::1', 'รหัส 31729 yannawut tiblab has logout successful !', '2020-07-29', '01:52:07', 2),
(9, '::1', 'รหัส 41728 chinnapat has login successful !', '2020-07-29', '01:52:15', 1),
(10, '::1', 'รหัส 41728 chinnapat limprathan has logout successful !', '2020-07-29', '02:00:48', 1),
(11, '::1', 'รหัส 31729 yannawut has login successful !', '2020-07-29', '02:01:05', 2),
(12, '::1', 'รหัส 31729 yannawut tiblab has logout successful !', '2020-07-29', '02:02:00', 2),
(13, '::1', 'รหัส 41728 chinnapat has login successful !', '2020-07-29', '02:02:11', 1),
(14, '::1', 'รหัส 41728 chinnapat limprathan has logout successful !', '2020-07-29', '02:02:16', 1),
(15, '::1', 'รหัส 31729 yannawut has login successful !', '2020-07-29', '02:02:34', 2),
(16, '::1', 'รหัส 31729 yannawut tiblab has logout successful !', '2020-07-29', '02:26:01', 2),
(17, '::1', 'รหัส 41728 chinnapat has login successful !', '2020-07-29', '02:26:52', 1),
(18, '::1', 'รหัส 41728 chinnapat limprathan has logout successful !', '2020-07-29', '02:30:53', 1),
(19, '::1', 'รหัส 41728 chinnapat has login successful !', '2020-07-29', '02:31:56', 1),
(20, '::1', 'รหัส 41728 chinnapat limprathan has logout successful !', '2020-07-29', '02:33:54', 1),
(21, '::1', 'รหัส 41728 chinnapat has login successful !', '2020-07-29', '02:34:04', 1),
(22, '::1', 'รหัส 41728 chinnapat limprathan has logout successful !', '2020-07-29', '02:35:44', 1),
(23, '::1', 'รหัส 41728 chinnapat has login successful !', '2020-07-29', '02:35:52', 1),
(24, '::1', 'รหัส 41728 chinnapat limprathan has logout successful !', '2020-07-29', '02:36:54', 1),
(25, '::1', 'รหัส 41728 chinnapat has login successful !', '2020-07-29', '02:37:01', 1),
(26, '::1', 'รหัส 41728 chinnapat limprathan has logout successful !', '2020-07-29', '02:37:41', 1),
(27, '::1', 'รหัส 31729 yannawut has login successful !', '2020-07-29', '02:37:51', 2),
(28, '::1', 'รหัส 31729 yannawut tiblab has logout successful !', '2020-07-29', '02:38:11', 2),
(29, '::1', 'รหัส 41728 chinnapat has login successful !', '2020-07-29', '02:57:29', 1),
(30, '::1', 'รหัส 41728 chinnapat limprathan has logout successful !', '2020-07-29', '03:16:43', 1),
(31, '::1', 'รหัส 41728 chinnapat has login successful !', '2020-07-29', '04:50:41', 1),
(32, '::1', 'รหัส 41728 chinnapat limprathan has logout successful !', '2020-07-29', '05:36:22', 1),
(33, '::1', 'รหัส 41728 chinnapat has login successful !', '2020-07-29', '05:36:30', 1),
(34, '::1', 'รหัส 41728 chinnapat has required for created account ! ', '2020-07-29', '05:36:42', 1),
(35, '::1', 'รหัส 41728 chinnapat limprathan has logout successful !', '2020-07-29', '05:37:44', 1),
(36, '::1', 'รหัส 41728 chinnapat has login successful !', '2020-07-29', '21:54:43', 1),
(37, '::1', 'รหัส 41728 chinnapat limprathan has logout successful !', '2020-07-29', '21:58:54', 1),
(38, '::1', 'รหัส 41728 chinnapat has login successful !', '2020-07-29', '22:06:40', 1),
(39, '::1', 'รหัส 41728 chinnapat has required for created account ! ', '2020-07-29', '22:10:10', 1),
(40, '::1', 'รหัส 41728 chinnapat limprathan has logout successful !', '2020-07-29', '22:41:28', 1),
(41, '::1', 'รหัส 1 bank has login successful !', '2020-07-29', '22:46:23', 7),
(42, '::1', 'รหัส 1 bank teller has logout successful !', '2020-07-29', '22:49:18', 7),
(43, '::1', 'รหัส 41728 chinnapat has login successful !', '2020-07-29', '22:49:24', 1),
(44, '::1', 'รหัส 41728 chinnapat limprathan has logout successful !', '2020-07-29', '22:49:30', 1),
(45, '::1', 'รหัส 1 bank has login successful !', '2020-07-29', '22:50:09', 7),
(46, '::1', 'รหัส 1 bank teller has logout successful !', '2020-07-29', '22:51:34', 7),
(47, '::1', 'รหัส 2 bank has login successful !', '2020-07-29', '22:51:42', 8),
(48, '::1', 'รหัส 2 bank account has logout successful !', '2020-07-29', '22:51:48', 8),
(49, '::1', 'รหัส 1 bank has login successful !', '2020-07-29', '22:51:57', 7),
(50, '::1', 'รหัส 1 bank teller has logout successful !', '2020-07-29', '22:52:00', 7),
(51, '::1', 'รหัส 41728 chinnapat has login successful !', '2020-07-29', '22:52:07', 1),
(52, '::1', 'รหัส 41728 chinnapat limprathan has logout successful !', '2020-07-29', '22:52:14', 1),
(53, '::1', 'รหัส 37908 siriwat has login successful !', '2020-07-29', '22:52:30', 3),
(54, '::1', 'รหัส 37908 siriwat gunha has logout successful !', '2020-07-29', '22:52:56', 3),
(55, '::1', 'รหัส 40319 nattapon has login successful !', '2020-07-29', '22:54:10', 4),
(56, '::1', 'รหัส 40319 nattapon akaratadarath has logout successful !', '2020-07-29', '22:54:17', 4),
(57, '::1', 'รหัส 37963 theratat has login successful !', '2020-07-29', '22:54:27', 5),
(58, '::1', 'รหัส 37963 theratat taweetong has logout successful !', '2020-07-29', '22:54:33', 5),
(59, '::1', 'รหัส 40319 nattapon has login successful !', '2020-07-29', '22:54:42', 4),
(60, '::1', 'รหัส 40319 nattapon akaratadarath has logout successful !', '2020-07-29', '22:54:45', 4),
(61, '::1', 'รหัส 31729 yannawut has login successful !', '2020-07-29', '22:55:02', 2),
(62, '::1', 'รหัส 31729 yannawut tiblab has logout successful !', '2020-07-29', '22:55:05', 2),
(63, '::1', 'รหัส 41728 chinnapat has login successful !', '2020-07-29', '22:55:12', 1),
(64, '::1', 'รหัส 41728 chinnapat limprathan has logout successful !', '2020-07-29', '22:55:15', 1),
(65, '::1', 'รหัส 1 bank has login successful !', '2020-07-29', '23:30:48', 7),
(66, '::1', 'รหัส 1 bank teller has logout successful !', '2020-07-30', '00:52:45', 7),
(67, '::1', 'รหัส 41728 chinnapat has login successful !', '2020-07-30', '00:52:53', 1),
(68, '::1', 'รหัส 41728 chinnapat limprathan has logout successful !', '2020-07-30', '00:53:22', 1),
(69, '::1', 'รหัส 1 bank has login successful !', '2020-07-30', '00:54:25', 7),
(70, '::1', 'รหัส 1 bank teller has logout successful !', '2020-07-30', '01:01:45', 7),
(71, '::1', 'รหัส 1 bank has login successful !', '2020-07-30', '01:01:52', 7),
(72, '::1', 'รหัส 1 bank teller has logout successful !', '2020-07-30', '01:03:12', 7),
(73, '::1', 'รหัส 41728 chinnapat has login successful !', '2020-07-30', '01:03:19', 1),
(74, '::1', 'รหัส 41728 chinnapat limprathan has logout successful !', '2020-07-30', '01:03:29', 1),
(75, '::1', 'รหัส 2 bank has login successful !', '2020-07-30', '01:03:38', 8),
(76, '::1', 'รหัส 2 bank account has logout successful !', '2020-07-30', '01:29:44', 8),
(77, '::1', 'รหัส 1 bank has login successful !', '2020-07-30', '01:29:58', 7),
(78, '::1', 'รหัส 1 bank has required for created account ! ', '2020-07-30', '01:34:34', 7),
(79, '::1', 'รหัส 1 bank teller has logout successful !', '2020-07-30', '01:46:53', 7),
(80, '::1', 'รหัส 1 bank has login successful !', '2020-07-30', '01:55:09', 7),
(81, '::1', 'รหัส 1 bank teller has logout successful !', '2020-07-30', '03:50:16', 7),
(82, '::1', 'รหัส 1 bank has login successful !', '2020-07-30', '03:50:24', 7),
(83, '::1', 'รหัส 1 bank teller has logout successful !', '2020-07-30', '04:02:29', 7),
(84, '::1', 'รหัส 37908 siriwat has login successful !', '2020-07-30', '04:02:58', 3),
(85, '::1', 'รหัส 37908 siriwat has required for created account ! ', '2020-07-30', '04:04:00', 3),
(86, '::1', 'รหัส 37908 siriwat gunha has logout successful !', '2020-07-30', '04:04:04', 3),
(87, '::1', 'รหัส 1 bank has login successful !', '2020-07-30', '04:04:15', 7),
(88, '::1', 'รหัส 1 bank teller has logout successful !', '2020-07-30', '04:56:52', 7),
(89, '::1', 'รหัส 41728 chinnapat has login successful !', '2020-07-30', '04:57:00', 1),
(90, '::1', 'รหัส 41728 chinnapat limprathan has logout successful !', '2020-07-30', '04:57:58', 1),
(91, '::1', 'รหัส 37908 siriwat has login successful !', '2020-07-30', '04:59:15', 3),
(92, '::1', 'รหัส 37908 siriwat has required for created account ! ', '2020-07-30', '04:59:37', 3),
(93, '::1', 'รหัส 37908 siriwat gunha has logout successful !', '2020-07-30', '04:59:42', 3),
(94, '::1', 'รหัส 1 bank has login successful !', '2020-07-30', '04:59:50', 7),
(95, '::1', 'Email teller@sbac.ac.th bank teller has created account for  newza152@gmail.com  successful !', '2020-07-30', '05:00:37', 7),
(96, '::1', 'รหัส 1 bank teller has logout successful !', '2020-07-30', '05:00:45', 7),
(97, '::1', 'รหัส 37908 siriwat has login successful !', '2020-07-30', '05:07:33', 3),
(98, '::1', 'รหัส 37908 siriwat gunha has logout successful !', '2020-07-30', '05:12:51', 3),
(99, '::1', 'รหัส 40319 nattapon has login successful !', '2020-07-30', '05:13:18', 4),
(100, '::1', 'รหัส 40319 nattapon akaratadarath has logout successful !', '2020-07-30', '05:13:23', 4),
(101, '::1', 'รหัส 41728 chinnapat has login successful !', '2020-07-30', '05:13:30', 1),
(102, '::1', 'รหัส 41728 chinnapat limprathan has logout successful !', '2020-07-30', '05:16:36', 1),
(103, '::1', 'รหัส 37908 siriwat has login successful !', '2020-07-30', '05:16:52', 3),
(104, '::1', 'รหัส 37908 siriwat gunha has logout successful !', '2020-07-30', '05:22:43', 3),
(105, '::1', 'รหัส 37908 siriwat has login successful !', '2020-07-30', '05:22:59', 3),
(106, '::1', 'รหัส 37908 siriwat gunha has logout successful !', '2020-07-30', '05:35:04', 3),
(107, '::1', 'รหัส 41728 chinnapat has login successful !', '2020-07-30', '05:35:10', 1),
(108, '::1', 'รหัส 41728 chinnapat limprathan has logout successful !', '2020-07-30', '05:41:56', 1),
(109, '::1', 'รหัส 37908 siriwat has login successful !', '2020-07-30', '05:42:05', 3),
(110, '::1', 'รหัส 37908 siriwat gunha has logout successful !', '2020-07-30', '05:44:55', 3),
(111, '::1', 'รหัส 41728 chinnapat has login successful !', '2020-07-30', '05:45:03', 1),
(112, '::1', 'รหัส 41728 chinnapat has required for created account ! ', '2020-07-30', '05:45:26', 1),
(113, '::1', 'รหัส 41728 chinnapat limprathan has logout successful !', '2020-07-30', '05:45:31', 1),
(114, '::1', 'รหัส 1 bank has login successful !', '2020-07-30', '05:45:39', 7),
(115, '::1', 'Email teller@sbac.ac.th bank teller has created account for  Chinnapat.lim@sbac.ac.th  successful !', '2020-07-30', '05:46:15', 7),
(116, '::1', 'รหัส 1 bank teller has logout successful !', '2020-07-30', '05:46:19', 7),
(117, '::1', 'รหัส 41728 chinnapat has login successful !', '2020-07-30', '05:46:35', 1),
(118, '::1', 'รหัส 41728 chinnapat limprathan has logout successful !', '2020-07-30', '06:33:17', 1),
(119, '::1', 'รหัส 41728 chinnapat has login successful !', '2020-07-30', '06:33:23', 1),
(120, '::1', 'รหัส 41728 chinnapat has create transaction !', '2020-07-30', '06:37:20', 1),
(121, '::1', 'รหัส 41728 chinnapat limprathan has logout successful !', '2020-07-30', '06:38:10', 1),
(122, '::1', 'รหัส 37908 siriwat has login successful !', '2020-07-30', '06:38:31', 3),
(123, '::1', 'รหัส 37908 siriwat gunha has logout successful !', '2020-07-30', '06:44:21', 3),
(124, '::1', 'รหัส 41728 chinnapat has login successful !', '2020-07-30', '06:44:27', 1),
(125, '::1', 'รหัส 41728 chinnapat has create transaction !', '2020-07-30', '06:44:33', 1),
(126, '::1', 'รหัส 41728 chinnapat limprathan has logout successful !', '2020-07-30', '06:44:38', 1),
(127, '::1', 'รหัส 37908 siriwat has login successful !', '2020-07-30', '06:51:37', 3),
(128, '::1', 'รหัส 37908 siriwat gunha has logout successful !', '2020-07-30', '07:10:15', 3),
(129, '::1', 'รหัส 37963 theratat has login successful !', '2020-07-30', '07:10:34', 5),
(130, '::1', 'รหัส 37963 theratat taweetong has logout successful !', '2020-07-30', '07:15:42', 5),
(131, '::1', 'รหัส 37908 siriwat has login successful !', '2020-07-30', '07:16:00', 3),
(132, '::1', 'รหัส 41728 chinnapat has login successful !', '2020-07-30', '15:47:34', 1),
(133, '::1', 'รหัส 41728 chinnapat limprathan has logout successful !', '2020-07-30', '15:47:51', 1),
(134, '::1', 'รหัส 1 bank has login successful !', '2020-07-30', '15:48:03', 7),
(135, '::1', 'รหัส 1 bank teller has logout successful !', '2020-07-30', '15:48:19', 7),
(136, '::1', 'รหัส 37908 siriwat has login successful !', '2020-07-30', '16:28:38', 3),
(137, '::1', 'รหัส 37908 siriwat has required for created account ! ', '2020-07-30', '16:32:37', 3),
(138, '::1', 'รหัส 37908 siriwat gunha has logout successful !', '2020-07-30', '16:33:03', 3),
(139, '::1', 'รหัส 1 bank has login successful !', '2020-07-30', '16:33:41', 7),
(140, '::1', 'รหัส 1 bank teller has logout successful !', '2020-07-30', '16:52:21', 7),
(141, '::1', 'รหัส 37908 siriwat has login successful !', '2020-08-08', '23:23:50', 3),
(142, '::1', 'รหัส 37908 siriwat has required for created account ! ', '2020-08-08', '23:25:45', 3),
(143, '::1', 'รหัส 37908 siriwat gunha has logout successful !', '2020-08-08', '23:31:30', 3),
(144, '::1', 'รหัส 1 bank has login successful !', '2020-08-08', '23:31:56', 7),
(145, '::1', 'Email teller@sbac.ac.th bank teller has created account for  newza152@gmail.com  successful !', '2020-08-08', '23:33:38', 7),
(146, '::1', 'รหัส 1 bank teller has logout successful !', '2020-08-08', '23:34:03', 7),
(147, '::1', 'รหัส 37908 siriwat has login successful !', '2020-08-08', '23:34:17', 3),
(148, '::1', 'รหัส 37908 siriwat has create transaction !', '2020-08-08', '23:34:51', 3),
(149, '::1', 'รหัส 37908 siriwat has login successful !', '2020-08-11', '09:47:35', 3),
(150, '::1', 'รหัส 37908 siriwat gunha has logout successful !', '2020-08-11', '10:41:52', 3),
(151, '::1', 'รหัส 1 bank has login successful !', '2020-08-11', '10:48:20', 7),
(152, '::1', 'รหัส 1 bank teller has logout successful !', '2020-08-11', '12:03:00', 7),
(153, '::1', 'รหัส 2 bank has login successful !', '2020-08-11', '12:03:25', 8),
(154, '::1', 'รหัส 2 bank account has logout successful !', '2020-08-11', '12:12:41', 8),
(155, '::1', 'รหัส 41728 chinnapat has login successful !', '2020-08-11', '12:13:29', 1),
(156, '::1', 'รหัส 41728 chinnapat limprathan has logout successful !', '2020-08-11', '12:13:44', 1),
(157, '::1', 'รหัส 37908 siriwat has login successful !', '2020-08-11', '12:13:57', 3),
(158, '::1', 'รหัส 37908 siriwat gunha has logout successful !', '2020-08-11', '12:25:29', 3),
(159, '::1', 'รหัส 1 bank has login successful !', '2020-08-11', '12:25:39', 7),
(160, '::1', 'รหัส 1 bank teller has logout successful !', '2020-08-11', '12:49:16', 7),
(161, '::1', 'รหัส 2 bank has login successful !', '2020-08-11', '12:49:25', 8),
(162, '::1', 'รหัส 2 bank account has logout successful !', '2020-08-11', '12:49:35', 8),
(163, '::1', 'รหัส 37908 siriwat has login successful !', '2020-08-11', '12:51:17', 3),
(164, '::1', 'รหัส 37908 siriwat gunha has logout successful !', '2020-08-11', '12:51:26', 3),
(165, '::1', 'รหัส 40319 nattapon has login successful !', '2020-08-11', '12:51:47', 4),
(166, '::1', 'รหัส 40319 nattapon akaratadarath has logout successful !', '2020-08-11', '13:24:31', 4),
(167, '::1', 'รหัส 37908 siriwat has login successful !', '2020-08-11', '13:26:24', 3),
(168, '::1', 'รหัส 41728 chinnapat has login successful !', '2020-08-17', '12:33:18', 1),
(169, '::1', 'รหัส 41728 chinnapat limprathan has logout successful !', '2020-08-17', '12:33:33', 1),
(170, '::1', 'รหัส 31729 yannawut has login successful !', '2020-08-17', '12:33:43', 2),
(171, '::1', 'รหัส 31729 yannawut tiblab has logout successful !', '2020-08-17', '12:33:57', 2),
(172, '::1', 'รหัส 37908 siriwat has login successful !', '2020-08-17', '12:34:06', 3),
(173, '::1', 'รหัส 37908 siriwat gunha has logout successful !', '2020-08-17', '12:36:10', 3),
(174, '::1', 'รหัส 40319 nattapon has login successful !', '2020-08-17', '12:36:19', 4),
(175, '::1', 'รหัส 40319 nattapon akaratadarath has logout successful !', '2020-08-17', '12:36:28', 4),
(176, '::1', 'รหัส 37908 siriwat has login successful !', '2020-08-17', '12:36:40', 3),
(177, '::1', 'รหัส 37908 siriwat has create transaction !', '2020-08-17', '13:09:44', 3),
(178, '::1', 'รหัส 37908 siriwat gunha has logout successful !', '2020-08-17', '21:21:36', 3),
(179, '::1', 'รหัส 37908 siriwat has login successful !', '2020-08-17', '21:22:05', 3),
(180, '::1', 'รหัส 37908 siriwat gunha has logout successful !', '2020-08-17', '21:22:15', 3),
(181, '::1', 'รหัส 31729 yannawut has login successful !', '2020-08-17', '21:22:24', 2),
(182, '::1', 'รหัส 31729 yannawut tiblab has logout successful !', '2020-08-17', '21:36:10', 2),
(183, '::1', 'รหัส 41728 chinnapat has login successful !', '2020-08-17', '21:42:15', 1),
(184, '::1', 'รหัส 41728 chinnapat limprathan has logout successful !', '2020-08-17', '21:50:59', 1),
(185, '::1', 'รหัส 1 bank has login successful !', '2020-08-17', '21:52:50', 7),
(186, '::1', 'รหัส 1 bank teller has logout successful !', '2020-08-17', '21:52:57', 7),
(187, '::1', 'รหัส 1 bank has login successful !', '2020-08-17', '21:53:08', 7),
(188, '::1', 'รหัส 1 bank teller has logout successful !', '2020-08-17', '22:01:32', 7),
(189, '::1', 'รหัส 31729 yannawut has login successful !', '2020-08-17', '22:01:43', 2),
(190, '::1', 'รหัส 31729 yannawut tiblab has logout successful !', '2020-08-17', '22:03:49', 2),
(191, '::1', 'รหัส 37908 siriwat has login successful !', '2020-08-20', '13:06:51', 3),
(192, '::1', 'รหัส 37908 siriwat gunha has logout successful !', '2020-08-20', '16:00:52', 3),
(193, '::1', 'รหัส 40319 nattapon has login successful !', '2020-08-20', '16:01:28', 4),
(194, '::1', 'รหัส 40319 nattapon akaratadarath has logout successful !', '2020-08-20', '16:03:55', 4),
(195, '::1', 'รหัส 37908 siriwat has login successful !', '2020-08-20', '16:04:05', 3),
(196, '::1', 'รหัส 37908 siriwat gunha has logout successful !', '2020-08-20', '16:04:39', 3),
(197, '::1', 'รหัส 40319 nattapon has login successful !', '2020-08-20', '16:04:49', 4),
(198, '::1', 'รหัส 40319 nattapon akaratadarath has logout successful !', '2020-08-20', '16:05:28', 4),
(199, '::1', 'รหัส 37908 siriwat has login successful !', '2020-08-20', '16:05:36', 3),
(200, '::1', 'รหัส 37908 siriwat gunha has logout successful !', '2020-08-20', '16:06:19', 3),
(201, '::1', 'รหัส 31729 yannawut has login successful !', '2020-08-20', '16:07:08', 2),
(202, '::1', 'รหัส 37963 theratat has login successful !', '2020-08-26', '19:34:08', 5),
(203, '::1', 'รหัส 31729 yannawut has login successful !', '2020-08-27', '10:40:58', 2),
(204, '::1', 'รหัส 31729 yannawut tiblab has logout successful !', '2020-08-27', '10:57:26', 2),
(205, '::1', 'รหัส 1 bank has login successful !', '2020-08-27', '10:57:41', 7),
(206, '::1', 'รหัส 1 bank teller has logout successful !', '2020-08-27', '12:00:20', 7),
(207, '::1', 'รหัส 31729 yannawut has login successful !', '2020-08-27', '12:00:52', 2),
(208, '::1', 'รหัส 31729 yannawut tiblab has logout successful !', '2020-08-27', '12:02:46', 2),
(209, '::1', 'รหัส 31729 yannawut has login successful !', '2020-08-27', '12:03:08', 2),
(210, '::1', 'รหัส 31729 yannawut has required for created account ! ', '2020-08-27', '13:02:24', 2),
(211, '::1', 'รหัส 31729 yannawut tiblab has logout successful !', '2020-08-27', '13:02:29', 2),
(212, '::1', 'รหัส 1 bank has login successful !', '2020-08-27', '13:02:35', 7),
(213, '::1', 'Email teller@sbac.ac.th bank teller has created account for  yannawut.tib@sbac.ac.th  successful !', '2020-08-27', '13:03:47', 7),
(214, '::1', 'รหัส 1 bank teller has logout successful !', '2020-08-27', '13:03:50', 7),
(215, '::1', 'รหัส 1 bank has login successful !', '2020-08-27', '13:03:58', 7),
(216, '::1', 'รหัส 1 bank teller has logout successful !', '2020-08-27', '13:04:07', 7),
(217, '::1', 'รหัส 1 bank has login successful !', '2020-08-27', '13:04:51', 7),
(218, '::1', 'รหัส 1 bank teller has logout successful !', '2020-08-27', '13:04:58', 7),
(219, '::1', 'รหัส 31729 yannawut has login successful !', '2020-08-27', '13:05:18', 2),
(220, '::1', 'รหัส 31729 yannawut tiblab has logout successful !', '2020-08-27', '13:07:42', 2),
(221, '::1', 'รหัส 1 bank has login successful !', '2020-08-27', '13:07:49', 7),
(223, '::1', 'รหัส 1 bank has login successful !', '2020-08-28', '13:50:11', 7),
(224, '::1', 'รหัส 1 bank has login successful !', '2020-08-28', '14:56:29', 7),
(225, '::1', 'รหัส 31729 yannawut has login successful !', '2020-09-03', '12:03:53', 2),
(226, '::1', 'รหัส 31729 yannawut tiblab has logout successful !', '2020-09-03', '12:05:42', 2),
(227, '::1', 'รหัส 31729 yannawut has login successful !', '2020-09-03', '12:05:58', 2),
(228, '::1', 'รหัส 31729 yannawut has create transaction !', '2020-09-03', '12:09:14', 2),
(229, '::1', 'รหัส 31729 yannawut tiblab has logout successful !', '2020-09-03', '12:09:30', 2),
(230, '::1', 'รหัส 37908 siriwat has login successful !', '2020-09-03', '12:09:47', 3),
(231, '::1', 'รหัส 37908 siriwat gunha has logout successful !', '2020-09-03', '12:10:21', 3),
(232, '::1', 'รหัส 37963 theratat has login successful !', '2020-09-03', '12:11:58', 5),
(233, '::1', 'รหัส 37963 theratat taweetong has logout successful !', '2020-09-03', '12:12:15', 5),
(234, '::1', 'รหัส 41728 chinnapat has login successful !', '2020-09-03', '12:17:02', 1),
(235, '::1', 'รหัส 41728 chinnapat has create transaction !', '2020-09-03', '12:17:09', 1),
(236, '::1', 'รหัส 41728 chinnapat limprathan has logout successful !', '2020-09-03', '12:17:15', 1),
(237, '::1', 'รหัส 37908 siriwat has login successful !', '2020-09-03', '12:17:26', 3),
(238, '::1', 'รหัส 37908 siriwat gunha has logout successful !', '2020-09-03', '12:17:47', 3),
(239, '::1', 'รหัส 37963 theratat has login successful !', '2020-09-03', '12:17:54', 5),
(240, '::1', 'รหัส 37963 theratat taweetong has logout successful !', '2020-09-03', '12:22:09', 5),
(241, '::1', 'รหัส 31729 yannawut has login successful !', '2020-09-03', '12:22:16', 2),
(242, '::1', 'รหัส 31729 yannawut tiblab has logout successful !', '2020-09-03', '12:22:35', 2),
(243, '::1', 'รหัส 37908 siriwat has login successful !', '2020-09-03', '12:22:43', 3),
(244, '::1', 'รหัส 37908 siriwat gunha has logout successful !', '2020-09-03', '12:24:01', 3),
(245, '::1', 'รหัส 2 bank has login successful !', '2020-09-03', '12:24:18', 8),
(246, '::1', 'รหัส 2 bank account has logout successful !', '2020-09-03', '13:09:12', 8),
(247, '::1', 'รหัส 1 bank has login successful !', '2020-09-03', '13:09:27', 7),
(248, '::1', 'รหัส 1 bank teller has logout successful !', '2020-09-03', '14:39:28', 7),
(249, '::1', 'รหัส 2 bank has login successful !', '2020-09-03', '14:39:41', 8),
(250, '::1', 'รหัส 2 bank account has logout successful !', '2020-09-03', '15:01:04', 8),
(251, '::1', 'รหัส 41728 chinnapat has login successful !', '2020-09-03', '15:01:16', 1),
(252, '::1', 'รหัส 41728 chinnapat limprathan has logout successful !', '2020-09-03', '15:01:38', 1),
(253, '::1', 'รหัส 37908 siriwat has login successful !', '2020-09-03', '15:01:52', 3),
(254, '::1', 'รหัส 37908 siriwat has create transaction !', '2020-09-03', '15:02:07', 3),
(255, '::1', 'รหัส 37908 siriwat gunha has logout successful !', '2020-09-03', '15:02:55', 3),
(256, '::1', 'รหัส 40319 nattapon has login successful !', '2020-09-03', '15:03:18', 4),
(257, '::1', 'รหัส 40319 nattapon akaratadarath has logout successful !', '2020-09-03', '15:03:45', 4),
(258, '::1', 'รหัส 31729 yannawut has login successful !', '2020-09-03', '15:03:57', 2),
(259, '::1', 'รหัส 31729 yannawut tiblab has logout successful !', '2020-09-03', '15:04:17', 2),
(260, '::1', 'รหัส 1 bank has login successful !', '2020-09-03', '15:06:30', 7),
(261, '::1', 'รหัส 1 bank teller has logout successful !', '2020-09-03', '15:07:15', 7),
(262, '::1', 'รหัส 2 bank has login successful !', '2020-09-03', '15:07:28', 8),
(263, '::1', 'รหัส 2 bank account has logout successful !', '2020-09-03', '15:42:51', 8),
(264, '::1', 'รหัส 31729 yannawut has login successful !', '2020-09-03', '16:17:10', 2),
(265, '::1', 'รหัส 31729 yannawut has create transaction !', '2020-09-03', '16:24:20', 2),
(266, '::1', 'รหัส 31729 yannawut tiblab has logout successful !', '2020-09-03', '16:24:55', 2),
(267, '::1', 'รหัส 37908 siriwat has login successful !', '2020-09-03', '16:26:07', 3),
(268, '::1', 'รหัส 37908 siriwat gunha has logout successful !', '2020-09-03', '16:26:33', 3),
(269, '::1', 'รหัส 37963 theratat has login successful !', '2020-09-03', '16:27:22', 5),
(270, '::1', 'รหัส 37963 theratat taweetong has logout successful !', '2020-09-03', '16:27:45', 5),
(271, '::1', 'รหัส 31729 yannawut has login successful !', '2020-09-03', '16:28:11', 2),
(272, '::1', 'รหัส 31729 yannawut tiblab has logout successful !', '2020-09-03', '16:28:26', 2),
(273, '::1', 'รหัส 1 bank has login successful !', '2020-09-03', '16:28:43', 7),
(274, '::1', 'รหัส 1 bank teller has logout successful !', '2020-09-03', '16:29:20', 7),
(275, '::1', 'รหัส 2 bank has login successful !', '2020-09-03', '16:30:11', 8),
(276, '::1', 'รหัส 2 bank account has logout successful !', '2020-09-03', '16:30:53', 8),
(277, '::1', 'รหัส 31729 yannawut has login successful !', '2020-09-03', '16:31:26', 2),
(278, '::1', 'รหัส 31729 yannawut tiblab has logout successful !', '2020-09-03', '16:34:33', 2),
(279, '::1', 'รหัส 41728 chinnapat has login successful !', '2020-09-03', '16:54:23', 1),
(280, '::1', 'รหัส 41728 chinnapat has create transaction !', '2020-09-03', '16:54:49', 1),
(281, '::1', 'รหัส 41728 chinnapat limprathan has logout successful !', '2020-09-03', '16:55:24', 1),
(282, '::1', 'รหัส 37908 siriwat has login successful !', '2020-09-03', '16:55:44', 3),
(283, '::1', 'รหัส 37908 siriwat gunha has logout successful !', '2020-09-03', '16:56:33', 3),
(284, '::1', 'รหัส 37963 theratat has login successful !', '2020-09-03', '16:57:03', 5),
(285, '::1', 'รหัส 37963 theratat taweetong has logout successful !', '2020-09-03', '16:58:00', 5),
(286, '::1', 'รหัส 31729 yannawut has login successful !', '2020-09-03', '16:58:08', 2),
(287, '::1', 'รหัส 31729 yannawut tiblab has logout successful !', '2020-09-03', '16:58:44', 2),
(288, '::1', 'รหัส 1 bank has login successful !', '2020-09-03', '16:59:10', 7),
(289, '::1', 'รหัส 41728 chinnapat has login successful !', '2020-09-07', '20:02:36', 1),
(290, '::1', 'รหัส 41728 chinnapat limprathan has logout successful !', '2020-09-07', '20:04:57', 1),
(291, '::1', 'รหัส 41728 chinnapat has login successful !', '2020-09-08', '09:41:20', 1),
(292, '::1', 'รหัส 41728 chinnapat has create transaction !', '2020-09-08', '09:42:19', 1),
(293, '::1', 'รหัส 41728 chinnapat limprathan has logout successful !', '2020-09-08', '09:42:22', 1),
(294, '::1', 'รหัส 37908 siriwat has login successful !', '2020-09-08', '09:42:53', 3),
(295, '::1', 'รหัส 37908 siriwat gunha has logout successful !', '2020-09-08', '10:04:11', 3),
(296, '::1', 'รหัส 1 bank has login successful !', '2020-09-08', '10:04:24', 7),
(297, '::1', 'รหัส 1 bank teller has logout successful !', '2020-09-08', '10:06:39', 7),
(298, '::1', 'รหัส 2 bank has login successful !', '2020-09-08', '10:06:52', 8),
(299, '::1', 'รหัส 2 bank account has logout successful !', '2020-09-08', '10:30:25', 8),
(300, '::1', 'รหัส 37908 siriwat has login successful !', '2020-09-08', '10:30:38', 3),
(301, '::1', 'รหัส 37908 siriwat gunha has logout successful !', '2020-09-08', '10:32:56', 3),
(302, '::1', 'รหัส 2 bank has login successful !', '2020-09-08', '10:33:09', 8),
(303, '::1', 'รหัส 2 bank account has logout successful !', '2020-09-08', '11:34:10', 8),
(304, '::1', 'รหัส 37908 siriwat has login successful !', '2020-09-08', '11:34:19', 3),
(305, '::1', 'รหัส 37908 siriwat gunha has logout successful !', '2020-09-08', '11:34:26', 3),
(306, '::1', 'รหัส 37963 theratat has login successful !', '2020-09-08', '11:34:36', 5),
(307, '::1', 'รหัส 37963 theratat taweetong has logout successful !', '2020-09-08', '11:34:43', 5),
(308, '::1', 'รหัส 31729 yannawut has login successful !', '2020-09-08', '11:34:56', 2),
(309, '::1', 'รหัส 31729 yannawut tiblab has logout successful !', '2020-09-08', '11:35:40', 2),
(310, '::1', 'รหัส 1 bank has login successful !', '2020-09-08', '11:36:04', 7),
(311, '::1', 'รหัส 1 bank teller has logout successful !', '2020-09-08', '11:37:52', 7),
(312, '::1', 'รหัส 2 bank has login successful !', '2020-09-08', '11:37:57', 8),
(313, '::1', 'รหัส 2 bank account has logout successful !', '2020-09-08', '12:53:15', 8),
(314, '::1', 'รหัส 37908 siriwat has login successful !', '2020-09-08', '13:02:40', 3),
(315, '::1', 'รหัส 37908 siriwat gunha has logout successful !', '2020-09-08', '13:02:48', 3),
(316, '::1', 'รหัส 40319 nattapon has login successful !', '2020-09-08', '13:02:57', 4),
(317, '::1', 'รหัส 40319 nattapon has required for created account ! ', '2020-09-08', '13:03:11', 4),
(318, '::1', 'รหัส 40319 nattapon akaratadarath has logout successful !', '2020-09-08', '13:03:17', 4),
(319, '::1', 'รหัส 37963 theratat has login successful !', '2020-09-08', '13:03:24', 5),
(320, '::1', 'รหัส 37963 theratat taweetong has logout successful !', '2020-09-08', '13:03:55', 5),
(321, '::1', 'รหัส 1 bank has login successful !', '2020-09-08', '13:04:05', 7),
(322, '::1', 'Email teller@sbac.ac.th bank teller has created account for  nattapon.aka@sbac.ac.th  successful !', '2020-09-08', '13:04:21', 7),
(323, '::1', 'รหัส 1 bank teller has logout successful !', '2020-09-08', '13:05:24', 7),
(324, '::1', 'รหัส 37963 theratat has login successful !', '2020-09-08', '13:05:39', 5),
(325, '::1', 'รหัส 37963 theratat has required for created account ! ', '2020-09-08', '13:05:47', 5),
(326, '::1', 'รหัส 37963 theratat taweetong has logout successful !', '2020-09-08', '13:05:49', 5),
(327, '::1', 'รหัส 1 bank has login successful !', '2020-09-08', '13:05:57', 7),
(328, '::1', 'Email teller@sbac.ac.th bank teller has created account for  theratat.taw@sbac.ac.th  successful !', '2020-09-08', '13:06:48', 7),
(329, '::1', 'รหัส 1 bank teller has logout successful !', '2020-09-08', '13:06:51', 7),
(330, '::1', 'รหัส 37963 theratat has login successful !', '2020-09-08', '13:07:03', 5),
(331, '::1', 'รหัส 37963 theratat taweetong has logout successful !', '2020-09-08', '13:30:24', 5),
(332, '::1', 'รหัส 1 bank has login successful !', '2020-09-08', '13:49:29', 7),
(333, '::1', 'รหัส 1 bank has login successful !', '2020-09-10', '11:13:46', 7),
(334, '::1', 'รหัส 1 bank teller has logout successful !', '2020-09-10', '11:16:44', 7),
(335, '::1', 'รหัส 1 bank has login successful !', '2020-09-10', '11:24:31', 7),
(336, '::1', 'รหัส 1 bank teller has logout successful !', '2020-09-10', '11:25:09', 7),
(337, '::1', 'รหัส 41728 chinnapat has login successful !', '2020-09-10', '11:25:17', 1),
(338, '::1', 'รหัส 41728 chinnapat has create transaction !', '2020-09-10', '11:25:29', 1),
(339, '::1', 'รหัส 41728 chinnapat limprathan has logout successful !', '2020-09-10', '11:25:37', 1),
(340, '::1', 'รหัส 37908 siriwat has login successful !', '2020-09-10', '11:25:46', 3),
(341, '::1', 'รหัส 37908 siriwat gunha has logout successful !', '2020-09-10', '11:25:58', 3),
(342, '::1', 'รหัส 37963 theratat has login successful !', '2020-09-10', '11:26:05', 5),
(343, '::1', 'รหัส 37963 theratat taweetong has logout successful !', '2020-09-10', '11:26:12', 5),
(344, '::1', 'รหัส 31729 yannawut has login successful !', '2020-09-10', '11:26:23', 2),
(345, '::1', 'รหัส 31729 yannawut tiblab has logout successful !', '2020-09-10', '11:26:28', 2),
(346, '::1', 'รหัส 1 bank has login successful !', '2020-09-10', '11:26:35', 7),
(347, '::1', 'รหัส 1 bank teller has logout successful !', '2020-09-10', '11:26:54', 7),
(348, '::1', 'รหัส 2 bank has login successful !', '2020-09-10', '11:27:00', 8),
(349, '::1', 'รหัส 2 bank account has logout successful !', '2020-09-10', '11:27:26', 8),
(350, '::1', 'รหัส 1 bank has login successful !', '2020-09-10', '11:37:21', 7),
(351, '::1', 'รหัส 1 bank teller has logout successful !', '2020-09-10', '11:37:25', 7),
(352, '::1', 'รหัส 2 bank has login successful !', '2020-09-10', '11:37:37', 8),
(353, '::1', 'รหัส 2 bank account has logout successful !', '2020-09-10', '11:38:27', 8),
(354, '::1', 'รหัส 41728 chinnapat has login successful !', '2020-09-11', '15:08:15', 1),
(355, '::1', 'รหัส 41728 chinnapat has create transaction !', '2020-09-11', '15:08:23', 1),
(356, '::1', 'รหัส 41728 chinnapat limprathan has logout successful !', '2020-09-11', '15:08:26', 1),
(357, '::1', 'รหัส 37908 siriwat has login successful !', '2020-09-11', '15:08:50', 3),
(358, '::1', 'รหัส 37908 siriwat gunha has logout successful !', '2020-09-11', '15:09:01', 3),
(359, '::1', 'รหัส 37963 theratat has login successful !', '2020-09-11', '15:09:09', 5),
(360, '::1', 'รหัส 37963 theratat taweetong has logout successful !', '2020-09-11', '15:09:17', 5),
(361, '::1', 'รหัส 31729 yannawut has login successful !', '2020-09-11', '15:09:24', 2),
(362, '::1', 'รหัส 31729 yannawut tiblab has logout successful !', '2020-09-11', '15:09:31', 2),
(363, '::1', 'รหัส 1 bank has login successful !', '2020-09-11', '15:09:42', 7),
(364, '::1', 'รหัส 1 bank teller has logout successful !', '2020-09-11', '15:59:39', 7),
(365, '::1', 'รหัส 1 bank has login successful !', '2020-09-11', '15:59:48', 7),
(366, '::1', 'รหัส 1 bank teller has logout successful !', '2020-09-11', '16:00:08', 7),
(367, '::1', 'รหัส 2 bank has login successful !', '2020-09-11', '16:00:14', 8),
(368, '::1', 'รหัส 2 bank account has logout successful !', '2020-09-11', '16:17:00', 8),
(369, '::1', 'รหัส 37908 siriwat has login successful !', '2020-09-11', '16:17:29', 3),
(370, '::1', 'รหัส 37908 siriwat has create transaction !', '2020-09-11', '16:17:44', 3),
(371, '::1', 'รหัส 37908 siriwat gunha has logout successful !', '2020-09-11', '16:17:53', 3),
(372, '::1', 'รหัส 37963 theratat has login successful !', '2020-09-11', '16:18:02', 5),
(373, '::1', 'รหัส 37963 theratat taweetong has logout successful !', '2020-09-11', '16:18:11', 5),
(374, '::1', 'รหัส 31729 yannawut has login successful !', '2020-09-11', '16:18:20', 2),
(375, '::1', 'รหัส 31729 yannawut tiblab has logout successful !', '2020-09-11', '16:18:30', 2),
(376, '::1', 'รหัส 1 bank has login successful !', '2020-09-11', '16:18:37', 7),
(377, '::1', 'รหัส 1 bank teller has logout successful !', '2020-09-11', '16:19:10', 7),
(378, '::1', 'รหัส 2 bank has login successful !', '2020-09-11', '16:19:18', 8),
(379, '::1', 'รหัส 2 bank account has logout successful !', '2020-09-11', '16:29:09', 8),
(380, '::1', 'รหัส 1 bank has login successful !', '2020-09-11', '16:55:31', 7),
(381, '::1', 'รหัส 1 bank teller has logout successful !', '2020-09-11', '16:57:26', 7),
(382, '::1', 'รหัส 40319 nattapon has login successful !', '2020-09-11', '16:57:41', 4),
(383, '::1', 'รหัส 40319 nattapon has required for created account ! ', '2020-09-11', '16:59:30', 4),
(384, '::1', 'รหัส 40319 nattapon akaratadarath has logout successful !', '2020-09-11', '16:59:44', 4),
(385, '::1', 'รหัส 1 bank has login successful !', '2020-09-11', '16:59:54', 7),
(386, '::1', 'Email teller@sbac.ac.th bank teller has created account for  nattapon.aka@sbac.ac.th  successful !', '2020-09-11', '17:00:17', 7),
(387, '::1', 'รหัส 1 bank teller has logout successful !', '2020-09-11', '17:00:20', 7),
(388, '::1', 'รหัส 40319 nattapon has login successful !', '2020-09-11', '17:00:31', 4),
(389, '::1', 'รหัส 40319 nattapon akaratadarath has logout successful !', '2020-09-12', '13:42:08', 4),
(390, '::1', 'รหัส 2 bank has login successful !', '2020-09-12', '13:42:21', 8),
(391, '::1', 'รหัส 2 bank has login successful !', '2020-09-12', '21:43:33', 8),
(392, '::1', 'รหัส 1 bank has login successful !', '2020-09-15', '20:13:55', 7),
(393, '::1', 'รหัส 1 bank teller has logout successful !', '2020-09-15', '20:18:52', 7),
(394, '::1', 'รหัส 2 bank has login successful !', '2020-09-15', '20:19:08', 8),
(395, '::1', 'รหัส 2 bank has login successful !', '2020-09-15', '20:20:03', 8),
(396, '::1', 'รหัส 31729 yannawut has login successful !', '2020-09-25', '01:46:16', 2),
(397, '::1', 'รหัส 31729 yannawut tiblab has logout successful !', '2020-09-25', '01:49:39', 2),
(398, '::1', 'รหัส 1 bank has login successful !', '2020-09-25', '01:49:53', 7),
(399, '::1', 'รหัส 1 bank teller has logout successful !', '2020-09-25', '02:01:25', 7),
(400, '::1', 'รหัส 31729 yannawut has login successful !', '2020-09-25', '02:03:14', 2),
(401, '::1', 'รหัส 31729 yannawut has login successful !', '2020-09-29', '17:45:06', 2),
(402, '::1', 'รหัส 31729 yannawut tiblab has logout successful !', '2020-09-29', '17:45:52', 2),
(403, '::1', 'รหัส 1 bank has login successful !', '2020-09-29', '17:46:14', 7),
(404, '::1', 'รหัส 1 bank teller has logout successful !', '2020-09-29', '17:46:49', 7),
(405, '::1', 'รหัส 31729 yannawut has login successful !', '2020-09-30', '16:34:55', 2),
(406, '::1', 'รหัส 31729 yannawut has create transaction !', '2020-09-30', '16:53:16', 2),
(407, '::1', 'รหัส 31729 yannawut tiblab has logout successful !', '2020-09-30', '16:53:20', 2),
(408, '::1', 'รหัส 37908 siriwat has login successful !', '2020-09-30', '16:53:40', 3),
(409, '::1', 'รหัส 37908 siriwat gunha has logout successful !', '2020-09-30', '19:26:13', 3),
(410, '::1', 'รหัส 38140 yannawut has login successful !', '2020-09-30', '19:52:14', 2),
(411, '::1', 'รหัส 1 bank has login successful !', '2020-10-02', '00:43:33', 7),
(412, '::1', 'รหัส 41728 chinnapat has login successful !', '2020-10-02', '21:33:44', 1);

-- --------------------------------------------------------

--
-- Table structure for table `member_trans`
--

CREATE TABLE `member_trans` (
  `TransID` int(10) NOT NULL,
  `Amount` float NOT NULL DEFAULT 0,
  `Date` date NOT NULL,
  `Time` time NOT NULL,
  `AccountID` int(10) NOT NULL,
  `Status` int(10) NOT NULL
) ENGINE=InnoDB DEFAULT CHARSET=utf8;

--
-- Dumping data for table `member_trans`
--

INSERT INTO `member_trans` (`TransID`, `Amount`, `Date`, `Time`, `AccountID`, `Status`) VALUES
(3, 100, '2020-07-30', '06:33:44', 3, 5),
(9, 20, '2020-09-03', '15:07:02', 4, 5),
(10, 500, '2020-09-03', '16:20:24', 5, 5),
(11, 20, '2020-09-03', '16:49:54', 3, 4),
(12, 20, '2020-09-08', '09:19:42', 3, 5),
(13, 20, '2020-09-10', '11:29:25', 3, 5),
(14, 40, '2020-09-11', '15:23:08', 3, 5),
(15, 30, '2020-09-11', '16:44:17', 4, 5),
(16, 300, '2020-09-30', '16:16:53', 5, 1);

-- --------------------------------------------------------

--
-- Table structure for table `request_account`
--

CREATE TABLE `request_account` (
  `FormID` int(10) NOT NULL,
  `Code` int(10) DEFAULT NULL,
  `Firstname` varchar(255) DEFAULT NULL,
  `Lastname` varchar(255) DEFAULT NULL,
  `Email` varchar(100) DEFAULT NULL,
  `Begin_cash` float DEFAULT NULL,
  `MemberID` int(10) DEFAULT NULL,
  `Status` int(10) DEFAULT 0
) ENGINE=InnoDB DEFAULT CHARSET=utf8;

-- --------------------------------------------------------

--
-- Table structure for table `room`
--

CREATE TABLE `room` (
  `room_id` int(5) NOT NULL,
  `room` int(5) DEFAULT NULL,
  `class_id` int(5) DEFAULT NULL
) ENGINE=InnoDB DEFAULT CHARSET=utf8;

--
-- Dumping data for table `room`
--

INSERT INTO `room` (`room_id`, `room`, `class_id`) VALUES
(1, 1, 1),
(2, 2, 1),
(3, 3, 1),
(4, 4, 1),
(5, 5, 1),
(6, 6, 1),
(7, 7, 1),
(8, 8, 1),
(9, 9, 1),
(10, 10, 1),
(11, 11, 1),
(12, 12, 1),
(13, 13, 1),
(14, 14, 1),
(15, 15, 1),
(16, 1, 2),
(17, 2, 2),
(18, 3, 2),
(19, 4, 2),
(20, 5, 2),
(21, 6, 2),
(22, 7, 2),
(23, 8, 2),
(24, 9, 2),
(25, 10, 2),
(26, 11, 2),
(27, 12, 2),
(28, 13, 2),
(29, 14, 2),
(30, 15, 2),
(31, 1, 3),
(32, 2, 3),
(33, 3, 3),
(34, 4, 3),
(35, 5, 3),
(36, 6, 3),
(37, 7, 3),
(38, 8, 3),
(39, 9, 3),
(40, 10, 3),
(41, 11, 3),
(42, 12, 3),
(43, 13, 3),
(44, 14, 3),
(45, 15, 3),
(46, 1, 4),
(47, 2, 4),
(48, 3, 4),
(49, 4, 4),
(50, 5, 4),
(51, 6, 4),
(52, 7, 4),
(53, 8, 4),
(54, 9, 4),
(55, 10, 4),
(56, 11, 4),
(57, 12, 4),
(58, 13, 4),
(59, 14, 4),
(60, 15, 4),
(61, 1, 5),
(62, 2, 5),
(63, 3, 5),
(64, 4, 5),
(65, 5, 5),
(66, 6, 5),
(67, 7, 5),
(68, 8, 5),
(69, 9, 5),
(70, 10, 5),
(71, 11, 5),
(72, 12, 5),
(73, 13, 5);

--
-- Indexes for dumped tables
--

--
-- Indexes for table `class`
--
ALTER TABLE `class`
  ADD PRIMARY KEY (`class_id`),
  ADD KEY `degree_id` (`degree_id`);

--
-- Indexes for table `degree`
--
ALTER TABLE `degree`
  ADD PRIMARY KEY (`degree_id`);

--
-- Indexes for table `member`
--
ALTER TABLE `member`
  ADD PRIMARY KEY (`MemberID`);

--
-- Indexes for table `member_account`
--
ALTER TABLE `member_account`
  ADD PRIMARY KEY (`AccountID`),
  ADD KEY `MemberID` (`MemberID`);

--
-- Indexes for table `member_log`
--
ALTER TABLE `member_log`
  ADD PRIMARY KEY (`LogID`),
  ADD KEY `MemberID` (`MemberID`);

--
-- Indexes for table `member_trans`
--
ALTER TABLE `member_trans`
  ADD PRIMARY KEY (`TransID`),
  ADD KEY `AccountID` (`AccountID`);

--
-- Indexes for table `request_account`
--
ALTER TABLE `request_account`
  ADD PRIMARY KEY (`FormID`),
  ADD KEY `MemberID` (`MemberID`);

--
-- Indexes for table `room`
--
ALTER TABLE `room`
  ADD PRIMARY KEY (`room_id`),
  ADD KEY `class_id` (`class_id`);

--
-- AUTO_INCREMENT for dumped tables
--

--
-- AUTO_INCREMENT for table `class`
--
ALTER TABLE `class`
  MODIFY `class_id` int(5) NOT NULL AUTO_INCREMENT, AUTO_INCREMENT=6;

--
-- AUTO_INCREMENT for table `degree`
--
ALTER TABLE `degree`
  MODIFY `degree_id` int(5) NOT NULL AUTO_INCREMENT, AUTO_INCREMENT=3;

--
-- AUTO_INCREMENT for table `member`
--
ALTER TABLE `member`
  MODIFY `MemberID` int(10) NOT NULL AUTO_INCREMENT, AUTO_INCREMENT=9;

--
-- AUTO_INCREMENT for table `member_account`
--
ALTER TABLE `member_account`
  MODIFY `AccountID` int(10) NOT NULL AUTO_INCREMENT, AUTO_INCREMENT=9;

--
-- AUTO_INCREMENT for table `member_log`
--
ALTER TABLE `member_log`
  MODIFY `LogID` int(10) NOT NULL AUTO_INCREMENT, AUTO_INCREMENT=413;

--
-- AUTO_INCREMENT for table `member_trans`
--
ALTER TABLE `member_trans`
  MODIFY `TransID` int(10) NOT NULL AUTO_INCREMENT, AUTO_INCREMENT=17;

--
-- AUTO_INCREMENT for table `request_account`
--
ALTER TABLE `request_account`
  MODIFY `FormID` int(10) NOT NULL AUTO_INCREMENT, AUTO_INCREMENT=12;

--
-- AUTO_INCREMENT for table `room`
--
ALTER TABLE `room`
  MODIFY `room_id` int(5) NOT NULL AUTO_INCREMENT, AUTO_INCREMENT=74;

--
-- Constraints for dumped tables
--

--
-- Constraints for table `class`
--
ALTER TABLE `class`
  ADD CONSTRAINT `class_ibfk_1` FOREIGN KEY (`degree_id`) REFERENCES `degree` (`degree_id`);

--
-- Constraints for table `member_account`
--
ALTER TABLE `member_account`
  ADD CONSTRAINT `member_account_ibfk_1` FOREIGN KEY (`MemberID`) REFERENCES `member` (`MemberID`);

--
-- Constraints for table `member_log`
--
ALTER TABLE `member_log`
  ADD CONSTRAINT `member_log_ibfk_1` FOREIGN KEY (`MemberID`) REFERENCES `member` (`MemberID`);

--
-- Constraints for table `member_trans`
--
ALTER TABLE `member_trans`
  ADD CONSTRAINT `member_trans_ibfk_1` FOREIGN KEY (`AccountID`) REFERENCES `member_account` (`AccountID`);

--
-- Constraints for table `request_account`
--
ALTER TABLE `request_account`
  ADD CONSTRAINT `request_account_ibfk_1` FOREIGN KEY (`MemberID`) REFERENCES `member` (`MemberID`);

--
-- Constraints for table `room`
--
ALTER TABLE `room`
  ADD CONSTRAINT `room_ibfk_1` FOREIGN KEY (`class_id`) REFERENCES `class` (`class_id`);
COMMIT;

/*!40101 SET CHARACTER_SET_CLIENT=@OLD_CHARACTER_SET_CLIENT */;
/*!40101 SET CHARACTER_SET_RESULTS=@OLD_CHARACTER_SET_RESULTS */;
/*!40101 SET COLLATION_CONNECTION=@OLD_COLLATION_CONNECTION */;
